ride_id,started_at,ended_at,start_station_id,end_station_id,start_lat,start_lng,end_lat,end_lng,member_casual
48878C314260EF1D,2023-11-03 17:48:21,2023-11-03 17:58:46,6429.01,6782.01,40.75110662,-73.94087255,40.7611488,-73.9170071,member
9E0E1583031239C4,2023-11-01 12:54:59,2023-11-01 13:05:23,6429.01,6953.08,40.751232624,-73.940472007,40.7689738,-73.95482273,member
FEBB9109BCB32647,2023-11-13 12:23:29,2023-11-13 12:27:28,7735.23,7809.13,40.80756,-73.939182,40.81449,-73.936153,member
6E5C8C2B6D45B195,2023-11-27 08:49:26,2023-11-27 09:03:35,7304.08,6953.08,40.782863975,-73.971619368,40.7689738,-73.95482273,member
A1717B24A900AD20,2023-11-05 22:53:05,2023-11-05 22:59:43,8290.01,8241.07,40.843870282,-73.921083212,40.84224,-73.8985,member
2E2C02C68B1E9043,2023-11-17 23:06:01,2023-11-17 23:12:02,5419.04,5442.05,40.718389,-73.961501,40.71915571696044,-73.94885390996933,member
FA28D85063A2DA09,2023-11-27 10:32:25,2023-11-27 10:39:52,8072.06,8241.07,40.831282735,-73.917387962,40.84224,-73.8985,member
426C7A60C3122F65,2023-11-14 19:36:53,2023-11-14 19:48:47,7304.08,7235.13,40.783026695,-73.971754193,40.778301,-73.9488134,member
BB21D51811BF7A1C,2023-11-30 18:02:02,2023-11-30 18:21:31,6450.12,6464.08,40.751551,-73.993934,40.75255434,-73.97282625,member
E13ACDB1230FF280,2023-11-12 10:55:27,2023-11-12 11:06:26,8358.03,8033.09,40.84989357,-73.938559532,40.827075,-73.945909,member
8B71C176CE5274A4,2023-11-01 14:30:17,2023-11-01 14:46:26,6429.01,6782.01,40.75110165,-73.94073717,40.7611488,-73.9170071,member
C67292CBD5CE394C,2023-11-26 00:44:03,2023-11-26 00:51:24,8191.01,8416.07,40.839038014,-73.941439509,40.852538,-73.93441,member
CF24D6F420AA77F1,2023-11-15 07:59:48,2023-11-15 08:16:15,7735.23,6953.08,40.807545424,-73.938857317,40.7689738,-73.95482273,member
0629D9ECD6E2DD02,2023-11-13 17:40:03,2023-11-13 17:44:28,7735.23,7756.10,40.807571888,-73.939142704,40.8114323,-73.9518776,member
91F00F4CF0A0A6C8,2023-11-11 15:56:49,2023-11-11 16:01:25,7735.23,7756.10,40.807547927,-73.939084411,40.8114323,-73.9518776,member
45EE3ABAC28BE907,2023-11-18 21:12:35,2023-11-18 21:23:22,7735.23,8033.09,40.807518005,-73.939022303,40.827075,-73.945909,member
566F986AF2649C52,2023-11-22 17:29:40,2023-11-22 18:07:04,6361.03,3862.07,40.749681711,-73.951930404,40.66929,-73.93679,member
DB436990283D75FB,2023-11-08 15:20:04,2023-11-08 15:50:56,6361.03,3862.07,40.749755144,-73.952046275,40.66929,-73.93679,member
841B86E1A60D0E15,2023-11-10 21:33:40,2023-11-10 21:53:17,6429.01,7235.13,40.75110165,-73.94073717,40.778301,-73.9488134,member
0266B717B4B10DCE,2023-11-02 17:36:18,2023-11-02 17:49:16,6429.01,7235.13,40.751234889,-73.940778852,40.778301,-73.9488134,member
B1FAB745CDFE7BB1,2023-11-13 20:03:06,2023-11-13 20:14:12,5721.07,5847.06,40.72840059450829,-73.99968780577183,40.73342399437081,-74.00851495563984,member
DE748C09CF641DA0,2023-11-10 22:43:07,2023-11-10 22:50:27,8290.01,8241.07,40.843784451,-73.921235085,40.84224,-73.8985,member
8EF53E23E1B115C8,2023-11-29 15:19:32,2023-11-29 15:30:37,3515.01,3188.04,40.658046126,-73.989667892,40.64672,-73.96637,member
EDFF86CD9CDB4FFE,2023-11-12 12:37:56,2023-11-12 12:58:50,6429.01,5442.05,40.751074791,-73.940732718,40.71915571696044,-73.94885390996933,member
7467014B1C92338D,2023-11-29 13:44:08,2023-11-29 13:48:04,5419.04,5442.05,40.718368292,-73.96146881600001,40.71915571696044,-73.94885390996933,member
FC057E68DCC83C47,2023-11-06 10:58:24,2023-11-06 11:03:13,5419.04,5442.05,40.718389,-73.961501,40.71915571696044,-73.94885390996933,member
59883D9B983EC998,2023-11-07 10:23:00,2023-11-07 10:27:06,5419.04,5442.05,40.718254328,-73.961479783,40.71915571696044,-73.94885390996933,member
774AEA2B1EC68EC5,2023-11-09 11:39:45,2023-11-09 12:36:02,6701.05,7937.15,40.758745313,-73.875287414,40.821294,-73.947868,member
8907242429416AB8,2023-11-05 18:20:12,2023-11-05 18:26:23,5721.07,5847.06,40.72840059450829,-73.99968780577183,40.73342399437081,-74.00851495563984,casual
4F72ECB644B3E2F2,2023-11-05 14:20:31,2023-11-05 14:54:42,5419.04,4895.03,40.718389,-73.961501,40.702461,-73.986842,casual
69B3033D341A079A,2023-11-11 02:29:01,2023-11-11 02:43:20,6450.12,6464.08,40.751551,-73.993934,40.75255434,-73.97282625,member
C26B0949B03DFA7F,2023-11-18 13:44:30,2023-11-18 14:13:00,6450.12,5442.05,40.751844764,-73.993526459,40.71915571696044,-73.94885390996933,member
B7FAEA413A5EF3DE,2023-11-16 12:50:51,2023-11-16 13:05:13,8152.03,8707.01,40.835376143,-73.901543736,40.87156,-73.89714,member
D05143BB7085656D,2023-11-02 12:36:23,2023-11-02 12:46:28,8358.03,7981.16,40.849944949,-73.938366055,40.824686,-73.951947,member
C1B3079876A92CC0,2023-11-22 18:57:03,2023-11-22 19:15:51,4074.14,3925.03,40.676513,-73.959431,40.67128,-73.92825,member
36863BD69125E32A,2023-11-07 12:47:33,2023-11-07 12:52:57,8206.17,8416.07,40.83949697,-73.937127233,40.852538,-73.93441,member
90412681855D784E,2023-11-22 10:34:46,2023-11-22 10:50:52,8358.03,8707.01,40.849873066,-73.938292623,40.87156,-73.89714,member
88A0422063DFD596,2023-11-23 21:19:36,2023-11-23 21:37:54,6429.01,7235.13,40.75110165,-73.94073717,40.778301,-73.9488134,member
138336D675C8CACA,2023-11-08 14:52:11,2023-11-08 15:05:41,7304.08,7235.13,40.783107519,-73.971623778,40.778301,-73.9488134,member
D0B2EB8C1B8913C6,2023-11-03 18:56:19,2023-11-03 19:09:43,7304.08,7670.09,40.78275,-73.97137,40.804372,-73.951475,member
CDA770C258CDD9B3,2023-11-28 12:58:42,2023-11-28 13:11:52,6429.01,6953.08,40.751128078,-73.940657496,40.7689738,-73.95482273,member
C82D397220691C54,2023-11-24 11:55:11,2023-11-24 11:56:47,6701.05,6585.11,40.758783102,-73.875110149,40.75502,-73.87285,member
CCD19907C7F9124E,2023-11-28 18:16:20,2023-11-28 18:52:52,6361.03,3862.07,40.749794364,-73.952071786,40.66929,-73.93679,member
56195B849639BFF9,2023-11-09 08:12:03,2023-11-09 08:22:51,6450.12,6464.08,40.751961589,-73.993360877,40.75255434,-73.97282625,member
6A8A5076689A10EB,2023-11-04 15:44:45,2023-11-04 16:57:57,5721.07,6464.08,40.72840059450829,-73.99968780577183,40.75255434,-73.97282625,member
72D825D6A98528F1,2023-11-14 12:49:14,2023-11-14 12:54:48,8206.17,8416.07,40.839437962,-73.937089086,40.852538,-73.93441,member
CDE5FC1378B203CD,2023-11-10 21:41:11,2023-11-10 21:49:57,6361.03,6599.01,40.749729395,-73.952183962,40.757284,-73.9536,member
4134AD10C6FA8281,2023-11-13 20:20:07,2023-11-13 20:35:20,7304.08,6953.08,40.782681942,-73.971338868,40.7689738,-73.95482273,member
5A4648A2ABADABD2,2023-11-25 07:09:01,2023-11-25 07:15:28,8358.03,8416.07,40.849873185,-73.938379884,40.852538,-73.93441,member
2C6492503159AEA5,2023-11-10 17:16:38,2023-11-10 17:38:34,6450.12,6953.08,40.751551,-73.993934,40.7689738,-73.95482273,member
A0302F4D9956BDFA,2023-11-07 14:15:16,2023-11-07 14:31:09,4513.06,4903.09,40.689888,-73.981013,40.702709,-73.99253,member
9E2197A83D5B2C27,2023-11-08 14:15:57,2023-11-08 14:44:05,4513.06,6953.08,40.690107703,-73.981083989,40.7689738,-73.95482273,member
4DA4E32BF8C51D60,2023-11-28 22:49:53,2023-11-28 23:27:46,4298.05,7235.13,40.683053493,-73.99334836,40.778301,-73.9488134,member
8504A6AEA31488E3,2023-11-04 23:47:09,2023-11-05 00:23:23,4298.05,7235.13,40.68299067,-73.993224859,40.778301,-73.9488134,member
4CAED691CAF09FF5,2023-11-15 23:31:47,2023-11-15 23:36:06,3782.03,3862.07,40.66619,-73.93162,40.66929,-73.93679,member
7106FD8A4B2C437F,2023-11-27 20:51:16,2023-11-27 20:58:28,8191.01,7981.16,40.839137,-73.941409,40.824686,-73.951947,member
755D250DC3D19C2D,2023-11-07 13:35:35,2023-11-07 13:47:25,7735.23,7670.09,40.80756,-73.939182,40.804372,-73.951475,member
8279F8350860CBA1,2023-11-16 07:46:00,2023-11-16 07:59:21,6429.01,5442.05,40.751182318,-73.940775156,40.71915571696044,-73.94885390996933,casual
74681A7C264C866F,2023-11-02 14:14:20,2023-11-02 14:27:04,7304.08,7670.09,40.782873273,-73.971365809,40.804372,-73.951475,member
9743F99D7B914BC5,2023-11-07 15:58:12,2023-11-07 16:19:05,5721.07,4903.09,40.72840059450829,-73.99968780577183,40.702709,-73.99253,member
F9A131BCA3390D7A,2023-11-22 14:56:06,2023-11-22 15:08:12,5721.07,6464.08,40.728182673,-73.999668837,40.75255434,-73.97282625,member
236B4B0658C8352D,2023-11-17 17:54:20,2023-11-17 18:06:05,5721.07,6464.08,40.728105903,-73.999899745,40.75255434,-73.97282625,member
DE802D392972DE91,2023-11-06 18:52:53,2023-11-06 19:00:24,4513.06,4895.03,40.690030098,-73.98132205,40.702461,-73.986842,member
36E4171BAF9FD373,2023-11-06 11:24:53,2023-11-06 11:38:05,7737.06,7937.15,40.808881402,-73.910819054,40.821294,-73.947868,casual
11E61AE86E17938C,2023-11-05 20:26:04,2023-11-05 20:35:29,8358.03,8416.07,40.849972,-73.938423,40.852538,-73.93441,member
87963004FC6347AD,2023-11-06 13:31:34,2023-11-06 13:35:34,7735.23,7756.10,40.807564974,-73.939120889,40.8114323,-73.9518776,member
CB9D015B54C8AABB,2023-11-15 09:27:37,2023-11-15 09:34:29,7735.23,7756.10,40.80756,-73.939182,40.8114323,-73.9518776,member
969257F5360C5CB0,2023-11-11 15:01:05,2023-11-11 15:11:58,4298.05,4895.03,40.682979226,-73.993243814,40.702461,-73.986842,member
DD07C14DA8BFC38B,2023-11-22 17:53:33,2023-11-22 18:05:03,6450.12,6464.08,40.751551,-73.993934,40.75255434,-73.97282625,member
5C5AC1ED0A160A19,2023-11-03 10:25:03,2023-11-03 10:36:57,8358.03,7937.15,40.849964499,-73.938373446,40.821294,-73.947868,casual
A96AD36F6AADB697,2023-11-18 10:56:30,2023-11-18 11:20:12,6429.01,6599.01,40.75110165,-73.94073717,40.757284,-73.9536,casual
A32EC9128F0F56E1,2023-11-03 07:18:59,2023-11-03 07:35:13,8358.03,7937.15,40.849910975,-73.938347697,40.821294,-73.947868,member
CAB6A8BE47DD5124,2023-11-07 10:28:38,2023-11-07 10:37:37,4298.05,4903.09,40.682928324,-73.993491292,40.702709,-73.99253,member
F850E2D874A31F88,2023-11-11 21:07:46,2023-11-11 21:34:45,6450.12,7756.10,40.752034426,-73.993465662,40.8114323,-73.9518776,member
1C0FD99FDF452342,2023-11-08 07:30:14,2023-11-08 07:47:11,8358.03,7937.15,40.849894524,-73.938400984,40.821294,-73.947868,member
E4DA6C973AF131E4,2023-11-20 10:19:45,2023-11-20 10:32:40,8358.03,7937.15,40.849913239,-73.93842423,40.821294,-73.947868,casual
B17D5A99A648C50C,2023-11-17 14:49:19,2023-11-17 14:59:51,4513.06,4895.03,40.689888,-73.981013,40.702461,-73.986842,casual
EF312216F1220FC7,2023-11-08 15:38:54,2023-11-08 15:44:47,8191.01,7981.16,40.839029074,-73.941391826,40.824686,-73.951947,casual
30D17228DB52765A,2023-11-04 14:57:07,2023-11-04 15:17:14,6361.03,6599.01,40.74966,-73.9521,40.757284,-73.9536,casual
9017B6FD3B55943A,2023-11-18 15:01:45,2023-11-18 15:11:15,6056.02,6053.01,40.738550425,-73.885382652,40.7408,-73.84978,member
B59C12140EABD78B,2023-11-01 18:13:43,2023-11-01 18:20:11,4513.06,4895.03,40.689797997,-73.980537415,40.702461,-73.986842,member
FF146E517DF21085,2023-11-14 17:32:15,2023-11-14 17:55:57,6429.01,6599.01,40.75110165,-73.94073717,40.757284,-73.9536,casual
DD7BA6B0AAB4BB5C,2023-11-09 14:39:07,2023-11-09 14:46:55,8152.03,8241.07,40.83545,-73.90153,40.84224,-73.8985,member
C32FABD44EF01ADA,2023-11-10 11:52:53,2023-11-10 11:59:10,3782.03,3862.07,40.66619,-73.93162,40.66929,-73.93679,member
9776951911430DC4,2023-11-29 22:53:49,2023-11-29 23:11:31,6429.01,6599.01,40.75110165,-73.94073717,40.757284,-73.9536,member
8C44C45ED675655B,2023-11-15 17:29:08,2023-11-15 17:42:24,6429.01,6953.08,40.751206636,-73.940857768,40.7689738,-73.95482273,member
4F48262923945E2A,2023-11-08 16:44:23,2023-11-08 16:53:16,5721.01,5636.11,40.73047747,-73.99906065,40.72743423,-73.99379025,member
698F8CDA82718578,2023-11-07 21:01:41,2023-11-07 21:36:43,6824.07,7646.04,40.76269882,-73.99301222,40.802692,-73.96295,member
1C872BAFC0EC2465,2023-11-06 11:13:21,2023-11-06 11:21:38,6352.01,6254.06,40.74718234,-73.9432635,40.745038,-73.957539,member
15CD3A772E8C7F74,2023-11-02 11:55:22,2023-11-02 12:16:11,6131.12,5247.10,40.742684734875695,-73.98671329021454,40.71450451,-74.00562789,member
D2C9AF0113EE9BD2,2023-11-11 14:33:55,2023-11-11 14:49:46,6013.12,6459.04,40.73795,-73.98509,40.75066386,-74.00176802,member
796E5389500CAF8E,2023-11-09 09:28:38,2023-11-09 09:45:36,6824.07,6239.08,40.76269882,-73.99301222,40.74394314,-73.97966069,member
F3E52B294979D004,2023-11-20 14:18:34,2023-11-20 14:28:01,5288.09,5329.03,40.71473993,-74.00910627,40.71754834,-74.01322069,member
81710EE1BE48C208,2023-11-01 13:41:36,2023-11-01 13:51:54,5947.04,6459.04,40.735444069,-73.994529605,40.75066386,-74.00176802,member
340913C45310F330,2023-11-21 06:54:25,2023-11-21 07:03:27,6313.10,6779.04,40.74752593,-73.978965282,40.76228826,-73.98336183,member
7E136F3B25F12F8C,2023-11-01 21:30:17,2023-11-01 21:52:49,6098.12,5329.03,40.73866091428551,-73.98987293243407,40.71754834,-74.01322069,member
B5DA960415741100,2023-11-02 08:14:36,2023-11-02 08:18:34,5947.04,5644.05,40.735284686,-73.994341612,40.726378,-74.000472,member
ECD48C6609F1BBDF,2023-11-30 16:37:16,2023-11-30 16:47:49,6182.02,5636.11,40.74238787,-73.99726235,40.72743423,-73.99379025,member
133324591637F6F1,2023-11-01 19:20:35,2023-11-01 19:25:07,6182.02,6459.04,40.74238787,-73.99726235,40.75066386,-74.00176802,member
7C16EEEA171FC7FA,2023-11-17 21:48:17,2023-11-17 22:10:17,4237.01,4792.03,40.6814598,-73.934903,40.700003,-73.92834,member
1BDBD7A020DA4BBB,2023-11-20 21:11:57,2023-11-20 21:18:40,5238.05,5065.12,40.71307916,-73.99851193,40.70717936,-74.00887308,member
504376611B812691,2023-11-07 09:47:59,2023-11-07 09:56:09,6801.01,6779.04,40.76350532,-73.97109243,40.76228826,-73.98336183,member
5A9DBB9CF4FE5D04,2023-11-27 04:41:35,2023-11-27 04:43:31,6197.08,6239.08,40.743646145,-73.975194335,40.74394314,-73.97966069,member
D6895265948BDDB8,2023-11-14 08:50:47,2023-11-14 09:02:08,6197.08,6569.08,40.74322681432173,-73.97449783980846,40.754691750226016,-73.99740189313889,member
0E6686449A40BD84,2023-11-11 12:25:07,2023-11-11 12:29:13,6197.08,6239.08,40.74322681432173,-73.97449783980846,40.74394314,-73.97966069,member
25D51A26747E583E,2023-11-10 07:55:55,2023-11-10 07:57:18,5553.03,5636.11,40.724805117,-73.988120198,40.72743423,-73.99379025,member
35300D029D8D454B,2023-11-08 21:44:02,2023-11-08 21:59:09,4375.02,4762.05,40.686062217,-73.92615211,40.69795031569544,-73.97077560424805,member
C219C5196C8D5B51,2023-11-19 17:57:44,2023-11-19 18:11:43,6762.04,6239.08,40.763349056,-73.96548593,40.74394314,-73.97966069,member
AFA7F68FC4AB338A,2023-11-29 14:59:23,2023-11-29 15:01:36,5553.03,5636.11,40.724789262,-73.987852693,40.72743423,-73.99379025,member
32F2FE3D76CE4AEE,2023-11-03 06:23:56,2023-11-03 06:37:08,6046.02,5329.03,40.738846779,-73.979536653,40.71754834,-74.01322069,member
5C6C903B7E12BCCB,2023-11-02 13:00:25,2023-11-02 13:03:48,5838.09,5636.11,40.732256889,-74.000288486,40.72743423,-73.99379025,member
85C3398CBABAB08B,2023-11-20 15:31:19,2023-11-20 15:35:49,5838.09,5644.05,40.73224119,-74.00026394,40.726378,-74.000472,member
63F7B9BDE7073ECE,2023-11-14 16:15:19,2023-11-14 16:26:21,5838.09,6459.04,40.73224119,-74.00026394,40.75066386,-74.00176802,member
34004F2DAFB02D4D,2023-11-07 18:22:32,2023-11-07 18:28:12,5838.09,5636.11,40.73224119,-74.00026394,40.72743423,-73.99379025,member
61173611162C3D1D,2023-11-02 19:11:55,2023-11-02 19:17:23,4861.05,4762.05,40.700324297,-73.991540551,40.69795031569544,-73.97077560424805,member
79D70CAB23C36614,2023-11-18 16:42:25,2023-11-18 16:47:22,5838.09,5644.05,40.73224119,-74.00026394,40.726378,-74.000472,member
E1B6D7930157CF61,2023-11-04 05:34:29,2023-11-04 05:37:38,6016.06,6134.03,40.73737,-73.91803,40.7424,-73.91808,member
14A17B95B14E1803,2023-11-08 17:04:16,2023-11-08 17:14:20,5167.06,4596.09,40.711126685,-74.000254631,40.69236178,-73.98631746,member
37CF7C3880D85CAD,2023-11-28 12:06:19,2023-11-28 12:26:23,5167.06,5636.11,40.71117416,-74.00016545,40.72743423,-73.99379025,member
E5922F79FEA633DD,2023-11-03 18:25:58,2023-11-03 18:51:46,6762.04,7646.04,40.763385057,-73.965541005,40.802692,-73.96295,member
C2EA9DB247D52163,2023-11-27 20:29:59,2023-11-27 20:36:53,4873.08,5282.02,40.70106,-73.93318,40.713811,-73.93515,member
C4DE95E0A70EF89A,2023-11-02 12:36:49,2023-11-02 12:42:25,4455.11,4596.09,40.686119437,-73.996455669,40.69236178,-73.98631746,member
00C96ACBF95D8615,2023-11-13 10:38:21,2023-11-13 10:44:14,5553.03,5636.11,40.72467721,-73.98783413,40.72743423,-73.99379025,member
6F9E91ACA82BF01D,2023-11-17 07:50:01,2023-11-17 07:55:25,4455.11,4596.09,40.686183572,-73.996642947,40.69236178,-73.98631746,member
046D8DC3816612C4,2023-11-11 14:44:51,2023-11-11 14:46:59,6740.01,6779.04,40.761359692,-73.980691195,40.76228826,-73.98336183,member
F3548C587D8E77FF,2023-11-07 13:21:33,2023-11-07 13:25:21,5838.09,5636.11,40.732252598,-74.00029707,40.72743423,-73.99379025,member
E012488EB27DD444,2023-11-06 09:36:58,2023-11-06 09:41:12,5553.03,5636.11,40.72467721,-73.98783413,40.72743423,-73.99379025,member
4D697360EC2F0667,2023-11-20 17:02:13,2023-11-20 17:30:59,6762.04,7646.04,40.76312584,-73.96526895,40.802692,-73.96295,member
B574B0C59A79CF16,2023-11-30 05:04:36,2023-11-30 05:09:48,4861.05,4762.05,40.700307369,-73.99158442,40.69795031569544,-73.97077560424805,member
A0BAC2CC6B76F649,2023-11-13 10:01:32,2023-11-13 10:03:16,5553.03,5636.11,40.724835157,-73.987890363,40.72743423,-73.99379025,member
ECB8E549636EE1DE,2023-11-02 07:24:50,2023-11-02 07:28:47,5553.03,5636.11,40.72467721,-73.98783413,40.72743423,-73.99379025,member
132B8BE83C9A0163,2023-11-20 16:50:54,2023-11-20 17:09:38,5167.06,5636.11,40.71117416,-74.00016545,40.72743423,-73.99379025,member
19D7DACA3BD5C518,2023-11-13 15:09:31,2023-11-13 15:59:42,6283.05,6134.03,40.746206164,-73.91610992,40.7424,-73.91808,member
65BC52B393F2DF3A,2023-11-25 16:06:53,2023-11-25 16:29:29,6283.05,6254.06,40.746199489,-73.916041732,40.745038,-73.957539,member
1CC0429D67E7E61E,2023-11-22 10:21:12,2023-11-22 10:32:45,6016.06,5369.01,40.73737,-73.91803,40.71888,-73.91427,casual
E6843CC1035EB524,2023-11-09 14:56:07,2023-11-09 15:09:07,8160.03,8520.01,40.835275888,-73.915398121,40.85834,-73.91008,casual
3E191EA60508F3DE,2023-11-13 13:19:04,2023-11-13 13:33:06,6762.04,6239.08,40.763473511,-73.965374947,40.74394314,-73.97966069,member
CF1B3091909E1EB7,2023-11-06 09:49:00,2023-11-06 09:51:19,6740.01,6779.04,40.76132983124814,-73.97982001304626,40.76228826,-73.98336183,member
2A44F661ED372805,2023-11-06 09:55:19,2023-11-06 09:57:38,6740.01,6779.04,40.76132983124814,-73.97982001304626,40.76228826,-73.98336183,member
946BDC3C832B5D69,2023-11-26 16:34:24,2023-11-26 16:51:47,6046.02,5636.11,40.73912601,-73.97973776,40.72743423,-73.99379025,member
187D1C350ADFA026,2023-11-22 14:13:03,2023-11-22 14:16:03,6016.06,6134.03,40.73737,-73.91803,40.7424,-73.91808,member
6E125D1DFDB11762,2023-11-20 05:34:36,2023-11-20 05:42:28,6016.06,6134.03,40.73737,-73.91803,40.7424,-73.91808,member
7B23EF17D93B273C,2023-11-23 18:26:10,2023-11-23 18:31:06,5553.03,5636.11,40.72467721,-73.98783413,40.72743423,-73.99379025,member
9643C97BFCB2AFED,2023-11-05 21:14:10,2023-11-05 21:22:41,6016.06,6134.03,40.73737,-73.91803,40.7424,-73.91808,member
42188905D341DFA0,2023-11-20 08:51:55,2023-11-20 09:03:09,6013.12,6779.04,40.738228559,-73.985498071,40.76228826,-73.98336183,member
3E1D291DB11B057A,2023-11-28 12:06:43,2023-11-28 12:12:56,6352.01,6254.06,40.74716115,-73.943245053,40.745038,-73.957539,member
235FE0099F8A9C28,2023-11-30 15:27:41,2023-11-30 15:33:28,6352.01,6254.06,40.747297764,-73.942413568,40.745038,-73.957539,member
0837EC982E413298,2023-11-30 10:45:58,2023-11-30 10:49:42,6058.08,6134.03,40.73941387498411,-73.92131969332695,40.7424,-73.91808,member
CEE4166D34BF7C1F,2023-11-24 06:59:07,2023-11-24 07:15:58,7183.03,5329.03,40.777827263,-73.988856673,40.71754834,-74.01322069,member
90C96FFE25D16CF1,2023-11-13 14:41:45,2023-11-13 15:08:45,7230.10,5329.03,40.778736353,-73.97770977,40.71754834,-74.01322069,member
9E401F2F07D9C6F9,2023-11-17 07:14:47,2023-11-17 07:20:35,7183.03,6779.04,40.777588248,-73.989071846,40.76228826,-73.98336183,member
55450BCCF631EEE7,2023-11-17 08:43:03,2023-11-17 08:58:10,6824.07,7293.10,40.804674383333335,-73.93954311666667,40.781410700190015,-73.95595908164978,member
4993FBB44B0ED81C,2023-11-07 07:10:13,2023-11-07 07:15:58,7183.03,6779.04,40.777822018,-73.988905191,40.76228826,-73.98336183,member
318D56F5548648A6,2023-11-18 11:45:45,2023-11-18 11:53:15,6441.02,6569.08,40.751596808,-73.987630725,40.754691750226016,-73.99740189313889,casual
7A19970F5A39A610,2023-11-09 22:22:21,2023-11-09 22:26:24,6824.07,6779.04,40.762656569,-73.992699027,40.76228826,-73.98336183,member
0362EE3C7EDDD4B2,2023-11-05 20:56:14,2023-11-05 21:04:11,6352.01,6254.06,40.74718234,-73.9432635,40.745038,-73.957539,member
1A53A06AF34596DE,2023-11-18 18:04:23,2023-11-18 18:33:39,6429.01,6459.04,40.751062036,-73.940617919,40.75066386,-74.00176802,member
4AA4F0C45F24C344,2023-11-18 11:56:29,2023-11-18 12:00:50,6450.12,6569.08,40.751551,-73.993934,40.754691750226016,-73.99740189313889,member
56015F951D416B9D,2023-11-02 21:01:48,2023-11-02 21:25:06,6450.12,5636.11,40.751551,-73.993934,40.72743423,-73.99379025,member
5B0B31DEEA8DEC4B,2023-11-27 15:16:50,2023-11-27 15:22:00,5273.01,5250.05,40.714031219,-73.927835107,40.71247661,-73.94100005,member
1075E83BF631B943,2023-11-23 14:25:30,2023-11-23 14:40:06,3922.02,4596.09,40.671907,-73.993612,40.69236178,-73.98631746,member
89A836AB5EBE1520,2023-11-02 18:01:26,2023-11-02 18:15:16,6450.12,5644.05,40.75153172,-73.993697524,40.726378,-74.000472,member
7F9119ED20D544D1,2023-11-03 16:22:45,2023-11-03 16:25:52,4513.06,4596.09,40.689888,-73.981013,40.69236178,-73.98631746,member
EC35187548A9FA45,2023-11-02 06:07:36,2023-11-02 06:10:30,6450.12,6569.08,40.751815796,-73.993709087,40.754691750226016,-73.99740189313889,member
6F3D41F950D71E90,2023-11-21 10:17:22,2023-11-21 10:21:36,5721.07,5636.11,40.72840059450829,-73.99968780577183,40.72743423,-73.99379025,member
0672AD2663F93CB3,2023-11-05 01:01:21,2023-11-05 01:12:29,5419.04,5250.05,40.718389,-73.961501,40.71247661,-73.94100005,member
AFA62FB231AA641E,2023-11-14 18:39:24,2023-11-14 18:42:15,6450.12,6569.08,40.751551,-73.993934,40.754691750226016,-73.99740189313889,member
760F109D24DF752A,2023-11-16 14:07:11,2023-11-16 14:10:42,4513.06,4596.09,40.689888,-73.981013,40.69236178,-73.98631746,member
1568912C37FE94DD,2023-11-10 10:32:43,2023-11-10 10:33:56,5721.07,5644.05,40.72840059450829,-73.99968780577183,40.726378,-74.000472,member
3514320E98508507,2023-11-07 16:44:32,2023-11-07 17:11:52,4074.14,5282.02,40.676265359,-73.959370255,40.713811,-73.93515,member
8E1407069F63AFD5,2023-11-05 12:46:39,2023-11-05 12:50:19,4513.06,4596.09,40.689888,-73.981013,40.69236178,-73.98631746,member
B5D0A65F42DE7505,2023-11-13 09:23:50,2023-11-13 09:41:09,6429.01,6779.04,40.751163244,-73.94083488,40.76228826,-73.98336183,member
B2AD5A8B2D3816F3,2023-11-02 15:59:37,2023-11-02 16:06:39,5273.01,5369.01,40.71401,-73.92793,40.71888,-73.91427,member
0448D00C66F45F9D,2023-11-05 18:09:21,2023-11-05 18:29:22,6450.12,7293.10,40.751981854,-73.993538499,40.781410700190015,-73.95595908164978,member
B7498B5E79644C4C,2023-11-16 18:54:01,2023-11-16 19:02:59,6450.12,6459.04,40.751551,-73.993934,40.75066386,-74.00176802,member
ED8BBC3A261450EB,2023-11-17 08:27:39,2023-11-17 08:38:12,7304.08,6779.04,40.78275,-73.97137,40.76228826,-73.98336183,member
24C8E10BFD0A2442,2023-11-11 15:45:49,2023-11-11 15:53:50,6450.12,6459.04,40.751551,-73.993934,40.75066386,-74.00176802,member
0A140704B2285430,2023-11-18 10:22:08,2023-11-18 10:46:23,4074.14,6254.06,40.676461577,-73.959517241,40.745038,-73.957539,member
DA7695F01E071D3B,2023-11-07 19:24:52,2023-11-07 19:29:38,4298.05,4077.04,40.6829151,-73.99318208,40.6746957,-73.99785768,member
560912B9DBE9DAEB,2023-11-27 04:52:30,2023-11-27 05:03:59,8290.01,8613.09,40.843945384,-73.92099607,40.864632,-73.918598,member
519173BFC1428777,2023-11-13 16:00:20,2023-11-13 16:31:59,6429.01,5636.11,40.75110165,-73.94073717,40.72743423,-73.99379025,member
2C718B0FF9DD4B9B,2023-11-22 16:41:43,2023-11-22 16:45:23,8072.06,8016.07,40.831267595,-73.917454362,40.825716,-73.915585,member
F606D637704D6302,2023-11-02 17:42:21,2023-11-02 17:47:40,5273.01,5250.05,40.714018464,-73.927900076,40.71247661,-73.94100005,member
5B7E9EBBDFD78948,2023-11-25 17:30:29,2023-11-25 17:34:41,6450.12,6459.04,40.752212882,-73.994347334,40.75066386,-74.00176802,member
68908E66F41DF71A,2023-11-29 16:38:45,2023-11-29 16:42:28,4513.06,4596.09,40.689888,-73.981013,40.69236178,-73.98631746,member
6D657C58580FE47B,2023-11-03 07:55:08,2023-11-03 08:19:49,5721.07,5250.05,40.72840059450829,-73.99968780577183,40.71247661,-73.94100005,member
169A1A36CA82F499,2023-11-03 06:04:40,2023-11-03 06:07:59,6450.12,6569.08,40.751551,-73.993934,40.754691750226016,-73.99740189313889,member
A7E7C7275C19FE48,2023-11-27 08:32:18,2023-11-27 08:58:04,5721.07,5250.05,40.72840059450829,-73.99968780577183,40.71247661,-73.94100005,member
7772CF707C685AAA,2023-11-12 18:17:33,2023-11-12 18:25:58,7737.06,7840.05,40.808939219,-73.910913587,40.816402,-73.919549,member
2209F1B1EE86EE13,2023-11-19 06:58:48,2023-11-19 07:07:14,8191.01,8613.09,40.839071274,-73.941461205,40.864632,-73.918598,member
6E5FDD57837674DE,2023-11-23 11:44:07,2023-11-23 11:52:59,6450.12,6239.08,40.751551,-73.993934,40.74394314,-73.97966069,member
8BA6F4F67FB450E3,2023-11-10 00:16:50,2023-11-10 00:23:12,6361.03,6254.06,40.74966,-73.9521,40.745038,-73.957539,member
A4AA2C4FF653ABA2,2023-11-25 14:18:07,2023-11-25 14:28:12,7304.08,6779.04,40.782801747,-73.971450686,40.76228826,-73.98336183,member
5D346182CB463627,2023-11-06 16:40:20,2023-11-06 16:58:47,6450.12,6688.01,40.751924038,-73.993485689,40.7596276,-73.9321455,member
B89192E578699FCF,2023-11-16 15:17:41,2023-11-16 15:44:41,6450.12,5329.03,40.751799107,-73.993654966,40.71754834,-74.01322069,member
28FB3F969508B136,2023-11-28 08:46:56,2023-11-28 08:58:22,7304.08,7646.04,40.782959104,-73.971470237,40.802692,-73.96295,member
74887005E434255E,2023-11-03 20:33:07,2023-11-03 20:39:57,4513.06,4596.09,40.689888,-73.981013,40.69236178,-73.98631746,member
8454D0FC489F86E7,2023-11-16 08:28:14,2023-11-16 08:44:10,7304.08,6779.04,40.782823205,-73.971640348,40.76228826,-73.98336183,member
556C421A467EA315,2023-11-14 14:31:49,2023-11-14 14:37:18,6361.03,6254.06,40.749765515,-73.952243328,40.745038,-73.957539,member
7232BCF1E0926EE2,2023-11-20 16:52:46,2023-11-20 17:12:44,6450.12,6688.01,40.751994371,-73.993444681,40.7596276,-73.9321455,member
D0D9DE16FCAE4A83,2023-11-29 16:40:01,2023-11-29 16:59:34,6450.12,6688.01,40.752013803,-73.993548512,40.7596276,-73.9321455,member
829FC9FB53E04287,2023-11-19 18:44:40,2023-11-19 18:51:01,6450.12,6459.04,40.751890779,-73.994054437,40.75066386,-74.00176802,member
B0DB0DA443F4D8B6,2023-11-05 22:57:39,2023-11-05 23:04:31,6450.12,6459.04,40.751551,-73.993934,40.75066386,-74.00176802,member
A2BEA786392AC746,2023-11-11 16:34:33,2023-11-11 16:38:56,6450.12,6459.04,40.751707911,-73.993662953,40.75066386,-74.00176802,member
DE70B3EA9F0A6969,2023-11-15 23:52:06,2023-11-16 00:02:19,7735.23,7703.14,40.763543,-73.97751366666667,40.806896,-73.911837,member
A25C64152B7B3554,2023-11-07 23:37:55,2023-11-07 23:44:17,4298.05,4596.09,40.6829151,-73.99318208,40.69236178,-73.98631746,member
B3113F324C658596,2023-11-02 15:37:24,2023-11-02 15:44:12,4513.06,4596.09,40.689888,-73.981013,40.69236178,-73.98631746,member
19D4DE802ECFC133,2023-11-18 21:25:43,2023-11-18 21:53:26,5419.04,5644.05,40.718283534,-73.961440444,40.726378,-74.000472,casual
C86FD0A3D5940916,2023-11-16 10:18:20,2023-11-16 10:34:15,5419.04,4762.05,40.718403935,-73.96150434,40.69795031569544,-73.97077560424805,member
1A8C36085348BEB6,2023-11-10 00:28:42,2023-11-10 00:37:45,4513.06,4596.09,40.69105481666666,-73.98159216666667,40.69236178,-73.98631746,member
E9551AF658E94014,2023-11-11 12:42:43,2023-11-11 13:23:32,7304.08,5329.03,40.78275,-73.97137,40.71754834,-74.01322069,member
22BB0A4300AA8941,2023-11-12 17:30:52,2023-11-12 17:59:30,3922.02,4634.02,40.671907,-73.993612,40.69331716,-73.95381995,member
2C6F2549346F7622,2023-11-07 10:41:15,2023-11-07 10:43:36,3922.02,4077.04,40.671907,-73.993612,40.6746957,-73.99785768,member
6E7BD5A5E97BAB34,2023-11-05 13:45:08,2023-11-05 14:05:47,5721.07,6569.08,40.72840059450829,-73.99968780577183,40.754691750226016,-73.99740189313889,member
A4F8EDC37F481F20,2023-11-28 13:22:42,2023-11-28 13:26:20,6361.03,6254.06,40.74966,-73.9521,40.745038,-73.957539,member
FC125374A3E7135B,2023-11-28 07:47:30,2023-11-28 07:54:30,4513.06,4762.05,40.689896107,-73.981203914,40.69795031569544,-73.97077560424805,casual
EBB7BA96ED2F4B51,2023-11-04 18:29:37,2023-11-04 18:33:27,5273.01,5250.05,40.714213252,-73.927886605,40.71247661,-73.94100005,casual
7F387E0A4C3FFE33,2023-11-24 13:35:25,2023-11-24 13:59:07,6450.12,6779.04,40.751945138,-73.993772626,40.76228826,-73.98336183,casual
9994142ACC2B8C7D,2023-11-17 19:03:18,2023-11-17 19:13:45,5721.07,5329.03,40.728385568,-73.999961734,40.71754834,-74.01322069,casual
9FFB4CCE8E08C7FD,2023-11-17 18:38:53,2023-11-17 19:06:13,4074.14,5481.04,40.676513,-73.959431,40.72179134,-73.9504154,member
7F9F663BB7FDC818,2023-11-15 11:44:19,2023-11-15 11:55:12,6450.12,6239.08,40.752041459,-73.993521452,40.74394314,-73.97966069,member
93E6BDC5BFD6B197,2023-11-04 19:35:30,2023-11-04 19:48:02,6361.03,6254.06,40.74966,-73.9521,40.745038,-73.957539,member
ABE674C7E090B54A,2023-11-29 21:30:23,2023-11-29 21:34:40,6450.12,6569.08,40.751551,-73.993934,40.754691750226016,-73.99740189313889,member
A9DC1252AE3CBB53,2023-11-04 15:46:47,2023-11-04 15:50:31,6361.03,6254.06,40.7495538,-73.951923609,40.745038,-73.957539,member
57C30F024BEB0DFC,2023-11-13 15:14:30,2023-11-13 15:17:50,6361.03,6254.06,40.749877453,-73.952085376,40.745038,-73.957539,member
914A59D97A79CC6C,2023-11-02 23:46:23,2023-11-02 23:58:03,4513.06,4596.09,40.689888,-73.981013,40.69236178,-73.98631746,member
7E712D587CE48B4D,2023-11-27 12:35:26,2023-11-27 12:49:18,6429.01,6254.06,40.75110165,-73.94073717,40.745038,-73.957539,member
F7EB6C039E41CB2F,2023-11-22 18:12:24,2023-11-22 18:36:11,4074.14,5282.02,40.676542759,-73.95943594,40.713811,-73.93515,member
688F41BDB1E442CB,2023-11-28 11:48:42,2023-11-28 11:55:28,5273.01,5250.05,40.71401,-73.92793,40.71247661,-73.94100005,member
0AF32A73575EB7A9,2023-11-24 13:53:06,2023-11-24 14:06:57,6450.12,6459.04,40.751551,-73.993934,40.75066386,-74.00176802,member
C13288F4E52E1F56,2023-11-04 17:20:28,2023-11-04 17:32:54,7735.23,7646.04,40.807448983,-73.938892007,40.802692,-73.96295,member
D886186352074B0C,2023-11-22 17:13:37,2023-11-22 17:19:19,6450.12,6459.04,40.751631975,-73.993733406,40.75066386,-74.00176802,member
5860BC09B2922F0E,2023-11-22 09:57:02,2023-11-22 10:30:39,5721.07,5644.05,40.72840059450829,-73.99968780577183,40.726378,-74.000472,member
15EBEEA34B0EEF78,2023-11-19 23:33:21,2023-11-19 23:40:23,4513.06,4762.05,40.690042973,-73.981026769,40.69795031569544,-73.97077560424805,member
557C7E5902FC3F12,2023-11-29 07:18:48,2023-11-29 07:22:16,4513.06,4596.09,40.689888,-73.981013,40.69236178,-73.98631746,member
248622B83F0872B3,2023-11-11 13:39:29,2023-11-11 13:45:23,6450.12,6459.04,40.751741767,-73.993642569,40.75066386,-74.00176802,member
014B9CD8379CF70B,2023-11-04 10:11:39,2023-11-04 10:39:58,6450.12,5329.03,40.751984239,-73.993531704,40.71754834,-74.01322069,casual
D196513F21341F4A,2023-11-04 19:38:29,2023-11-04 19:47:57,6450.12,6239.08,40.751999021,-73.99342525,40.74394314,-73.97966069,casual
3DEF000871D526DA,2023-11-28 16:07:15,2023-11-28 16:35:26,7304.08,6239.08,40.782853961,-73.971497774,40.74394314,-73.97966069,casual
9A9A7C47B8FBF1C4,2023-11-05 08:48:04,2023-11-05 09:39:56,5721.07,5636.11,40.72840059450829,-73.99968780577183,40.72743423,-73.99379025,casual
1D5C6763E5A3D9A1,2023-11-22 08:29:14,2023-11-22 09:13:37,8191.01,5329.03,40.839137,-73.941409,40.71754834,-74.01322069,member
7F5F1B5F6942ED7A,2023-11-04 10:02:52,2023-11-04 10:50:36,8072.06,8016.07,40.83130549267296,-73.91744792461395,40.825716,-73.915585,member
A646C51F640AF44C,2023-11-06 11:21:42,2023-11-06 11:49:12,4074.14,4792.03,40.68076086,-73.958443999,40.700003,-73.92834,casual
20371AAF189A5758,2023-11-18 17:15:26,2023-11-18 17:24:34,7304.08,7646.04,40.783120751,-73.971402526,40.802692,-73.96295,casual
A8EB4E6669B511CA,2023-11-13 08:22:30,2023-11-13 08:29:00,5721.07,5329.03,40.728252888,-73.999688148,40.71754834,-74.01322069,member
8BC3BB45348F0BCB,2023-11-13 11:15:53,2023-11-13 11:23:11,3515.01,4077.04,40.658029,-73.989605,40.6746957,-73.99785768,member
BA0F2731387E6B6D,2023-11-24 09:24:19,2023-11-24 09:39:28,4513.06,5329.03,40.689857125,-73.981180072,40.71754834,-74.01322069,member
3EFC5277A104172C,2023-11-08 06:21:30,2023-11-08 06:25:55,5721.07,5636.11,40.72840059450829,-73.99968780577183,40.72743423,-73.99379025,member
0A886BC503397B6D,2023-11-18 11:19:59,2023-11-18 11:32:40,5721.07,6459.04,40.728109717,-74.000089645,40.75066386,-74.00176802,member
C83F847A1460185E,2023-11-15 18:10:21,2023-11-15 18:25:07,5721.07,6459.04,40.72819984,-73.999856949,40.75066386,-74.00176802,member
A334D01F25DB0829,2023-11-17 08:09:13,2023-11-17 08:17:05,7304.08,6779.04,40.78275,-73.97137,40.76228826,-73.98336183,member
1D1A82A18F394F6D,2023-11-16 08:06:23,2023-11-16 08:15:10,7304.08,6779.04,40.78275,-73.97137,40.76228826,-73.98336183,member
A8045AF66D7C69B3,2023-11-08 19:18:34,2023-11-08 19:22:04,6450.12,6569.08,40.751551,-73.993934,40.754691750226016,-73.99740189313889,member
59B4310F52BCDC87,2023-11-28 15:06:56,2023-11-28 15:10:54,6429.01,6688.01,40.751064301,-73.940728307,40.7596276,-73.9321455,member
6CEAEADB3C9861F0,2023-11-17 19:58:22,2023-11-17 20:02:02,5721.07,5636.11,40.72840059450829,-73.99968780577183,40.72743423,-73.99379025,member
3C75FDB9FE96679F,2023-11-29 12:05:38,2023-11-29 12:12:40,5273.01,5250.05,40.71401,-73.92793,40.71247661,-73.94100005,member
C5C42AF71FA54450,2023-11-21 09:38:05,2023-11-21 09:45:32,5273.01,5250.05,40.71401,-73.92793,40.71247661,-73.94100005,member
D4E0104A1D8B078F,2023-11-12 00:22:59,2023-11-12 00:32:44,5721.07,6459.04,40.728380322,-74.000002861,40.75066386,-74.00176802,member
A30ACD19794C4CDA,2023-11-30 17:42:11,2023-11-30 17:59:56,5721.07,6569.08,40.72840059450829,-73.99968780577183,40.754691750226016,-73.99740189313889,member
958F55A48AC9EF58,2023-11-28 20:17:01,2023-11-28 20:19:28,6450.12,6569.08,40.751551,-73.993934,40.754691750226016,-73.99740189313889,member
AF1F25D74C557111,2023-11-20 19:51:38,2023-11-20 20:05:21,4298.05,4596.09,40.682961941,-73.993345618,40.69236178,-73.98631746,member
13ADBBB52E4980AC,2023-11-20 14:13:22,2023-11-20 14:15:17,3922.02,4077.04,40.671907,-73.993612,40.6746957,-73.99785768,member
7B6C23F558AFC352,2023-11-20 17:09:26,2023-11-20 17:11:42,3922.02,4077.04,40.671907,-73.993612,40.6746957,-73.99785768,member
F696D96319CE9190,2023-11-07 14:50:29,2023-11-07 14:53:06,4513.06,4596.09,40.690092325,-73.981487751,40.69236178,-73.98631746,member
BCC5849933689872,2023-11-07 20:20:56,2023-11-07 20:26:57,6450.12,6459.04,40.751551,-73.993934,40.75066386,-74.00176802,member
1684E820BE318631,2023-11-30 12:34:15,2023-12-01 09:41:35,5273.01,5250.05,40.71401,-73.92793,40.71247661,-73.94100005,member
E516017FF5288C4A,2023-11-17 12:21:35,2023-11-17 12:28:26,5273.01,5250.05,40.714092851,-73.927717924,40.71247661,-73.94100005,member
5C5C87EE27F7AF2F,2023-11-16 14:16:09,2023-11-16 15:04:25,5721.07,5329.03,40.72840059450829,-73.99968780577183,40.71754834,-74.01322069,member
5E4DE018B1EA8392,2023-11-13 18:54:20,2023-11-13 18:55:51,7737.06,7703.14,40.808934212,-73.910939932,40.806896,-73.911837,member
C05B044E9D42AB66,2023-11-05 17:42:31,2023-11-05 17:48:43,5419.04,5481.04,40.718389,-73.961501,40.72179134,-73.9504154,member
FBF2077C5BABB0C6,2023-11-25 10:35:35,2023-11-25 10:41:25,4513.06,4762.05,40.689811468,-73.981109381,40.69795031569544,-73.97077560424805,member
06EEAE0943ED55B1,2023-11-18 13:31:06,2023-11-18 13:36:45,5721.07,5636.11,40.727980018,-73.999789357,40.72743423,-73.99379025,member
646E7561D88F1CBF,2023-11-14 21:43:09,2023-11-14 21:45:38,3922.02,4077.04,40.671907,-73.993612,40.6746957,-73.99785768,member
A740E9A2BE581FC1,2023-11-02 16:27:33,2023-11-02 16:47:26,6450.12,5329.03,40.751551,-73.993934,40.71754834,-74.01322069,member
1C58AE28E579226F,2023-11-02 10:24:32,2023-11-02 10:33:46,5721.07,6239.08,40.72827971,-73.999834895,40.74394314,-73.97966069,member
1DDD13E25C936670,2023-11-08 18:20:52,2023-11-08 18:30:01,6450.12,6779.04,40.751551,-73.993934,40.76228826,-73.98336183,member
A7BE326095C07BD9,2023-11-22 22:58:12,2023-11-22 23:08:27,6450.12,6779.04,40.752017975,-73.993510842,40.76228826,-73.98336183,casual
7E57B9BDC134D4B8,2023-11-12 19:13:10,2023-11-12 19:55:29,6450.12,5329.03,40.7517941,-73.993587017,40.71754834,-74.01322069,casual
D14395BAB81CD7B3,2023-11-18 10:40:54,2023-11-18 11:17:56,7304.08,7293.10,40.78275,-73.97137,40.781410700190015,-73.95595908164978,casual
917861D3A19BE2E4,2023-11-18 10:40:40,2023-11-18 19:19:21,7304.08,7293.10,40.78275,-73.97137,40.781410700190015,-73.95595908164978,casual
761FE0E0BECDAC66,2023-11-22 13:21:40,2023-11-22 13:25:36,6450.12,6569.08,40.751551,-73.993934,40.754691750226016,-73.99740189313889,casual
77D25B38AD493738,2023-11-30 19:48:14,2023-11-30 19:57:48,6450.12,6239.08,40.751948714,-73.993583083,40.74394314,-73.97966069,casual
67174863B3543706,2023-11-03 12:35:51,2023-11-03 13:08:47,6450.12,5329.03,40.751551,-73.993934,40.71754834,-74.01322069,casual
7349193CF6313C54,2023-11-29 20:04:44,2023-11-29 20:06:52,3922.02,4077.04,40.671984315,-73.993689537,40.6746957,-73.99785768,member
9B9DD550ADA887E3,2023-11-20 05:44:49,2023-11-20 05:49:46,4298.05,4596.09,40.6829151,-73.99318208,40.69236178,-73.98631746,member
B7E5CE2031C96B2B,2023-11-02 11:52:31,2023-11-02 12:02:54,5273.01,5250.05,40.713999629,-73.927873254,40.71247661,-73.94100005,member
7FC947C9E04A0737,2023-11-08 12:56:23,2023-11-08 13:00:04,6450.12,6569.08,40.751551,-73.993934,40.754691750226016,-73.99740189313889,member
2069076FF1E29D99,2023-11-25 11:55:41,2023-11-25 11:59:27,3922.02,4077.04,40.671907,-73.993612,40.6746957,-73.99785768,member
50EBA4CF68B00D10,2023-11-10 16:01:31,2023-11-10 16:17:25,6429.01,5481.04,40.75110165,-73.94073717,40.72179134,-73.9504154,member
842070D74DBE8B51,2023-11-15 08:11:55,2023-11-15 08:21:51,7304.08,7646.04,40.782914042,-73.971675634,40.802692,-73.96295,member
87ED59CB6241F404,2023-11-24 13:26:25,2023-11-24 13:46:01,6429.01,6254.06,40.75108707,-73.940646052,40.745038,-73.957539,member
E5CA72A71938DB03,2023-11-09 21:38:45,2023-11-09 21:48:23,5721.07,5329.03,40.728155017,-73.999910712,40.71754834,-74.01322069,member
D80C439001D10C6E,2023-11-13 14:27:59,2023-11-13 14:33:40,4513.06,4762.05,40.689885378,-73.981208205,40.69795031569544,-73.97077560424805,member
05951B1D716BB4EC,2023-11-30 00:17:01,2023-11-30 00:19:58,6450.12,6569.08,40.752117872,-73.993481159,40.754691750226016,-73.99740189313889,member
209E594993F527B6,2023-11-09 17:37:34,2023-11-09 17:55:49,4293.05,5250.05,40.681588054,-73.919525504,40.71247661,-73.94100005,casual
738A1B38721BB7A5,2023-11-09 08:37:17,2023-11-09 08:47:46,3922.02,4596.09,40.671874404,-73.993557692,40.69236178,-73.98631746,member
ECDE55E3DDDD02C5,2023-11-24 23:16:37,2023-11-24 23:27:27,4298.05,4762.05,40.682917237,-73.993228793,40.69795031569544,-73.97077560424805,member
4211B5DFAD2AAC7D,2023-11-04 15:42:42,2023-11-04 15:51:22,4513.06,4762.05,40.6899786,-73.981185913,40.69795031569544,-73.97077560424805,member
3DA3C66DA9E0EE38,2023-11-16 15:36:49,2023-11-16 15:52:20,5721.07,6459.04,40.728142142,-73.999893785,40.75066386,-74.00176802,member
8EBE8B67736807E0,2023-11-10 18:53:51,2023-11-10 19:00:02,4298.05,4596.09,40.6829151,-73.99318208,40.69236178,-73.98631746,member
04B962698B052A50,2023-11-09 14:26:26,2023-11-09 14:34:31,4513.06,4762.05,40.690083861,-73.981059074,40.69795031569544,-73.97077560424805,casual
B82F23389426DF45,2023-11-11 16:01:19,2023-11-11 16:09:44,6450.12,6239.08,40.752027392,-73.993468642,40.74394314,-73.97966069,member
66D75E37C746E404,2023-11-21 08:31:57,2023-11-21 08:52:05,8152.03,8613.09,40.835425377,-73.901640892,40.864632,-73.918598,member
9A5185808C88C48F,2023-11-14 13:48:23,2023-11-14 13:52:04,3922.02,4077.04,40.671907,-73.993612,40.6746957,-73.99785768,member
CB4448D2E1B7C9C0,2023-11-06 17:17:20,2023-11-06 17:29:07,5419.04,4762.05,40.718322396,-73.961522698,40.69795031569544,-73.97077560424805,member
9DD7C782BDCAA8B6,2023-11-16 07:26:15,2023-11-16 07:37:16,5721.07,5329.03,40.72840059450829,-73.99968780577183,40.71754834,-74.01322069,member
F96C351C0147A8AD,2023-11-15 07:13:06,2023-11-15 07:24:22,5721.07,5329.03,40.72840059450829,-73.99968780577183,40.71754834,-74.01322069,member
7330640AF58F7029,2023-11-14 07:10:28,2023-11-14 07:22:37,5721.07,5329.03,40.72840059450829,-73.99968780577183,40.71754834,-74.01322069,member
E7D9D746C02D16EC,2023-11-11 10:38:14,2023-11-11 10:42:00,6450.12,6459.04,40.752061605,-73.993782878,40.75066386,-74.00176802,member
FCE700674F20076B,2023-11-17 19:55:24,2023-11-17 19:57:21,7737.06,7703.14,40.808891,-73.91081,40.806896,-73.911837,member
A3A45B86894AC2AD,2023-11-17 19:46:06,2023-11-17 19:48:20,7737.06,7703.14,40.808891,-73.91081,40.806896,-73.911837,member
D74BA38AEFC0DC36,2023-11-30 16:24:52,2023-11-30 16:27:43,6450.12,6459.04,40.751798272,-73.993153334,40.75066386,-74.00176802,member
E8642151B60FB467,2023-11-02 18:07:18,2023-11-02 18:12:47,6450.12,6779.04,40.751742244,-73.993521929,40.76228826,-73.98336183,member
53CAD6969269874E,2023-11-08 09:50:53,2023-11-08 09:58:26,4298.05,4596.09,40.6829151,-73.99318208,40.69236178,-73.98631746,member
CEAD52E900D93EA4,2023-11-09 14:01:22,2023-11-09 14:05:21,5273.01,5282.02,40.71401,-73.92793,40.713811,-73.93515,member
93B8DE4FC68ACEF6,2023-11-15 07:56:12,2023-11-15 08:01:11,4298.05,4596.09,40.682995677,-73.993472457,40.69236178,-73.98631746,member
DA17279DA39FA7F2,2023-11-14 13:43:02,2023-11-14 13:45:27,3922.02,4077.04,40.671907,-73.993612,40.6746957,-73.99785768,member
BBC67034008C5171,2023-11-15 16:03:58,2023-11-15 16:08:32,6429.01,6688.01,40.75110165,-73.94073717,40.7596276,-73.9321455,member
C2108EB9340E99A1,2023-11-07 07:53:41,2023-11-07 07:59:11,4298.05,4596.09,40.682959318,-73.993259907,40.69236178,-73.98631746,member
CDD159CAA8AA78D0,2023-11-28 07:46:39,2023-11-28 07:51:25,4298.05,4596.09,40.682994246,-73.993446827,40.69236178,-73.98631746,member
D28686C9E1470DC1,2023-11-20 06:09:10,2023-11-20 06:21:25,6450.12,6779.04,40.751551,-73.993934,40.76228826,-73.98336183,member
6B65FAE4A57FDFC1,2023-11-13 07:55:53,2023-11-13 08:09:28,4074.14,4596.09,40.676446795,-73.959438801,40.69236178,-73.98631746,member
88850EDCDA554D93,2023-11-21 06:10:47,2023-11-21 06:22:25,6450.12,6779.04,40.751551,-73.993934,40.76228826,-73.98336183,member
28D82415A85B6546,2023-11-18 13:49:53,2023-11-18 13:57:54,6450.12,6239.08,40.752031446,-73.99349260299999,40.74394314,-73.97966069,member
9E8D30603F30DF89,2023-11-16 22:02:16,2023-11-16 22:22:50,6429.01,6239.08,40.75110165,-73.94073717,40.74394314,-73.97966069,member
5E250644DCA9E586,2023-11-10 22:03:50,2023-11-10 22:18:32,6429.01,6239.08,40.751176357,-73.940701127,40.74394314,-73.97966069,member
2EDF69AEF8EC9A07,2023-11-15 17:55:21,2023-11-15 18:03:36,7737.06,7840.05,40.808907509,-73.911034584,40.816402,-73.919549,member
2A39AAD62BF950CC,2023-11-02 08:28:50,2023-11-02 08:34:28,6429.01,6688.01,40.751069307,-73.94089973,40.7596276,-73.9321455,casual
30F39B6F5F63B736,2023-11-17 18:08:56,2023-11-17 18:12:37,5721.07,5636.11,40.72840059450829,-73.99968780577183,40.72743423,-73.99379025,member
2B8EE4DC0314B0C0,2023-11-25 01:11:51,2023-11-25 01:18:25,6450.12,6239.08,40.75181973,-73.993767977,40.74394314,-73.97966069,member
DAD620C9598F43F9,2023-11-22 17:51:57,2023-11-22 17:55:44,5273.01,5282.02,40.71401,-73.92793,40.713811,-73.93515,member
1F10766262282935,2023-11-20 22:36:21,2023-11-20 22:42:14,6450.12,6779.04,40.751840353,-73.993598819,40.76228826,-73.98336183,member
2D92EC9EEF9CC528,2023-11-03 14:21:03,2023-11-03 14:25:59,6450.12,6779.04,40.751622915,-73.993645668,40.76228826,-73.98336183,member
FFA75F541208F25A,2023-11-07 21:58:37,2023-11-07 22:09:11,4513.06,4762.05,40.689888,-73.981013,40.69795031569544,-73.97077560424805,member
E5306C52DF24870E,2023-11-03 12:39:48,2023-11-03 12:47:02,5419.04,5481.04,40.718389,-73.961501,40.72179134,-73.9504154,member
9E2FB9971A9CC170,2023-11-08 07:49:31,2023-11-08 07:57:49,4513.06,4762.05,40.689869285,-73.980787396,40.69795031569544,-73.97077560424805,casual
95D11F77AB6F8D97,2023-11-26 20:41:15,2023-11-26 20:56:54,6450.12,6459.04,40.751551,-73.993934,40.75066386,-74.00176802,casual
424C0318A112A41B,2023-11-20 12:55:36,2023-11-20 12:59:07,6450.12,6569.08,40.751714468,-73.993904829,40.754691750226016,-73.99740189313889,member
C2F0BA45377162A0,2023-11-14 08:31:30,2023-11-14 08:46:17,6429.01,6779.04,40.751119733,-73.940732121,40.76228826,-73.98336183,member
25FA52039F7116F3,2023-11-26 21:11:59,2023-11-26 21:35:12,4513.06,4792.03,40.689888,-73.981013,40.700003,-73.92834,member
B489290F9B0EF3B2,2023-11-17 20:43:18,2023-11-17 20:47:25,6450.12,6459.04,40.752010822,-73.993427634,40.75066386,-74.00176802,casual
9FC414E47B1738D5,2023-11-18 17:14:54,2023-11-18 17:24:06,7304.08,7646.04,40.782585144,-73.971507192,40.802692,-73.96295,casual
03126F4ED677D89C,2023-11-04 17:28:18,2023-11-04 17:37:27,5419.04,5282.02,40.718378663,-73.961444378,40.713811,-73.93515,casual
CB36DECF7B7E7494,2023-11-29 19:17:40,2023-11-29 19:23:01,4298.05,4596.09,40.683006525,-73.993456841,40.69236178,-73.98631746,member
71DD2BF1F72EAB93,2023-11-15 17:49:27,2023-11-15 17:58:16,6450.12,6779.04,40.751551,-73.993934,40.76228826,-73.98336183,member
0B31748871F6E1F4,2023-11-30 23:31:16,2023-11-30 23:35:34,6450.12,6459.04,40.751963139,-73.993385196,40.75066386,-74.00176802,member
8ED86FAEE9E796D9,2023-11-04 17:39:41,2023-11-04 18:04:06,5419.04,6239.08,40.718373299,-73.961430788,40.74394314,-73.97966069,member
086F2A7217883EFD,2023-11-15 09:08:52,2023-11-15 09:29:30,7304.08,6569.08,40.78275,-73.97137,40.754691750226016,-73.99740189313889,member
9385D2E7B1231B20,2023-11-29 07:41:27,2023-11-29 07:50:45,4513.06,4762.05,40.689888,-73.981013,40.69795031569544,-73.97077560424805,member
19D010D2495D0EC1,2023-11-13 09:19:45,2023-11-13 09:34:57,7304.08,6569.08,40.78275,-73.97137,40.754691750226016,-73.99740189313889,member
D231BDDD245581A4,2023-11-19 10:15:01,2023-11-19 10:27:48,3515.01,4077.04,40.658029,-73.989605,40.6746957,-73.99785768,member
73481D05B1A480C0,2023-11-28 09:35:00,2023-11-28 09:38:45,6450.12,6459.04,40.752055287,-73.993858695,40.75066386,-74.00176802,member
438646C0F2B6C9EE,2023-11-02 19:59:48,2023-11-02 20:02:10,5721.07,5644.05,40.72840059450829,-73.99968780577183,40.726378,-74.000472,member
159D3E2F89848D59,2023-11-12 17:42:03,2023-11-12 18:34:37,5419.04,4596.09,40.718378782,-73.961501479,40.69236178,-73.98631746,member
941D5C51A5EF1FB2,2023-11-25 10:09:15,2023-11-25 10:13:23,4298.05,4596.09,40.683097243,-73.993427157,40.69236178,-73.98631746,member
43280A1EF082DDD3,2023-11-27 19:19:17,2023-11-27 19:25:13,6450.12,6459.04,40.751978993,-73.993488431,40.75066386,-74.00176802,member
68BB887EEFF03A4E,2023-11-08 07:36:53,2023-11-08 07:53:30,3620.02,4596.09,40.660969257,-73.983008623,40.69236178,-73.98631746,member
DBCCBF0292DE0515,2023-11-11 21:06:44,2023-11-11 21:52:17,5721.07,5065.12,40.72840059450829,-73.99968780577183,40.70717936,-74.00887308,member
C7BD9ECBDA9DC10F,2023-11-30 12:13:19,2023-11-30 12:16:05,3922.02,4077.04,40.671907,-73.993612,40.6746957,-73.99785768,member
9A18EAF8ADF3F863,2023-11-21 18:54:43,2023-11-21 19:20:53,6429.01,5369.01,40.75110165,-73.94073717,40.71888,-73.91427,member
E8A69855690B8A31,2023-11-11 19:21:53,2023-11-11 19:34:29,5659.11,5644.05,40.72746420692392,-73.97950418293476,40.726378,-74.000472,member
BA4E1C5C08F81780,2023-11-26 14:57:05,2023-11-26 15:02:23,6257.03,6239.08,40.744769216,-73.995643497,40.74394314,-73.97966069,member
FD2CF6430BA7419B,2023-11-08 07:23:17,2023-11-08 07:27:09,4086.05,4077.04,40.676942468,-74.006495237,40.6746957,-73.99785768,member
692760A92946BB51,2023-11-16 09:24:08,2023-11-16 09:30:03,4339.01,4077.04,40.6849894,-73.99440329,40.6746957,-73.99785768,member
594C6E8C10FD60C2,2023-11-08 06:22:53,2023-11-08 06:26:44,6626.01,6779.04,40.76161705,-73.9899162,40.76228826,-73.98336183,casual
877B7EBE39BA4AD1,2023-11-28 09:21:03,2023-11-28 09:34:42,5659.11,6459.04,40.727574229,-73.979884863,40.75066386,-74.00176802,member
C621CDABB467BD1F,2023-11-05 16:03:54,2023-11-05 16:08:17,4339.01,4077.04,40.685190797,-73.994228005,40.6746957,-73.99785768,member
79145BFF2524CE6A,2023-11-21 08:28:23,2023-11-21 08:32:33,6345.08,6551.11,40.748426676,-73.974306464,40.75354681867074,-73.97896572947502,member
63F1F318E4887FD6,2023-11-18 13:24:57,2023-11-18 13:26:25,5190.09,5190.07,40.711471394469264,-73.98672603070736,40.71269042,-73.98776323,member
0849F48C9461AD54,2023-11-13 08:15:56,2023-11-13 08:20:18,6345.08,6551.11,40.747962475,-73.974081874,40.75354681867074,-73.97896572947502,member
00A148E0C5D2478D,2023-11-20 23:37:44,2023-11-20 23:47:47,6331.01,6551.11,40.749156,-73.9916,40.75354681867074,-73.97896572947502,member
CA61C7D451BC72F4,2023-11-10 22:34:06,2023-11-10 22:45:37,6331.01,6551.11,40.749156,-73.9916,40.75354681867074,-73.97896572947502,member
061E8AA707B08C4B,2023-11-03 16:05:29,2023-11-03 16:21:44,6331.01,5470.02,40.749156,-73.9916,40.71996118117138,-74.00844320654869,member
AA1F704B9F8C1295,2023-11-15 07:06:20,2023-11-15 07:10:13,6345.08,6551.11,40.70907938333333,-73.99917363333333,40.75354681867074,-73.97896572947502,member
928F90E432FC78DC,2023-11-04 10:32:36,2023-11-04 10:48:13,6345.08,5532.01,40.748327017,-73.974302053,40.72362738,-73.99949601,member
AF823DD95DA6107A,2023-11-16 13:34:22,2023-11-16 13:43:21,6331.01,5914.08,40.749156,-73.9916,40.735238,-74.000271,member
50C474C3F028C202,2023-11-10 18:07:08,2023-11-10 18:15:42,6345.08,6551.11,40.74803319428767,-73.973827958107,40.75354681867074,-73.97896572947502,member
2BE3985D06D74C8B,2023-11-05 19:42:39,2023-11-05 20:01:34,7149.05,7386.10,40.66843485,-73.92790733333334,40.7862586,-73.94552579,member
3939F44B84A44ABE,2023-11-16 12:40:08,2023-11-16 12:48:46,5190.09,5190.07,40.711471394469264,-73.98672603070736,40.71269042,-73.98776323,member
6AE466D3B22F8665,2023-11-22 14:59:47,2023-11-22 15:05:27,6331.01,6551.11,40.749013066,-73.991945267,40.75354681867074,-73.97896572947502,member
7C1C6F71708C48E0,2023-11-27 17:39:37,2023-11-27 17:43:09,4765.07,4735.03,40.69812,-73.90271,40.69811,-73.90904,member
C49DB4D15AE51D58,2023-11-27 17:04:06,2023-11-27 17:07:40,4765.07,4735.03,40.69812,-73.90271,40.69811,-73.90904,member
B8F54CD93A8DE451,2023-11-03 17:40:43,2023-11-03 17:45:44,6331.01,6551.11,40.749153376,-73.992015839,40.75354681867074,-73.97896572947502,member
121094AFF97D6730,2023-11-10 18:56:53,2023-11-10 19:01:25,6331.01,6551.11,40.748454809,-73.992211461,40.75354681867074,-73.97896572947502,member
2CD49DE26EEDF33D,2023-11-17 04:13:50,2023-11-17 04:25:15,5187.03,4994.10,40.71164763,-73.951420784,40.70413,-73.90737,member
F9B53C7BCDF48FD6,2023-11-24 17:50:04,2023-11-24 18:11:38,4010.13,5114.08,40.674922824,-73.971209168,40.709957,-74.016538,member
B7906708DB5AD7C4,2023-11-22 19:30:00,2023-11-22 19:58:22,6659.01,5532.01,40.757224083,-73.972245455,40.72362738,-73.99949601,member
BA0B48400432D546,2023-11-21 15:20:15,2023-11-21 15:26:10,3263.01,3256.04,40.64958,-73.96316,40.64796,-73.9556,member
A36C95ED584582B4,2023-11-10 17:26:18,2023-11-10 17:34:11,6331.01,6551.11,40.749101758,-73.991574645,40.75354681867074,-73.97896572947502,member
50D2E3A6C4087A63,2023-11-04 16:15:39,2023-11-04 16:27:32,6860.12,6551.11,40.764939308,-73.962630868,40.75354681867074,-73.97896572947502,member
100FB2571046128F,2023-11-02 21:48:26,2023-11-02 21:56:44,6331.01,5914.08,40.749156,-73.9916,40.735238,-74.000271,member
F05FF2FE2B95BC8F,2023-11-06 15:50:34,2023-11-06 16:02:50,6860.12,6462.19,40.76471851944339,-73.96222069859505,40.751047,-73.93797,member
EF1E4B5415936A7F,2023-11-28 19:14:30,2023-11-28 19:15:34,3943.03,4016.03,40.67113,-73.94222,40.67308,-73.94191,member
6E7D56AD8A7F929A,2023-11-04 18:03:46,2023-11-04 18:19:31,5190.09,5190.07,40.711471394469264,-73.98672603070736,40.71269042,-73.98776323,member
D0AA4A41A18D13AB,2023-11-16 19:25:24,2023-11-16 19:31:21,6659.01,6551.11,40.75714758,-73.97207836,40.75354681867074,-73.97896572947502,member
1FBDCA8EECAF6BD5,2023-11-29 08:43:02,2023-11-29 08:59:34,5190.09,5114.08,40.711471394469264,-73.98672603070736,40.709957,-74.016538,member
47990F0DB7C740A5,2023-11-12 13:08:19,2023-11-12 13:12:18,3263.01,3256.04,40.649709463,-73.963216424,40.64796,-73.9556,member
949D74CDC9ACBFFC,2023-11-08 18:03:55,2023-11-08 18:11:03,6331.01,6551.11,40.749050379,-73.991943479,40.75354681867074,-73.97896572947502,member
5556AAA6A9F18862,2023-11-16 20:46:21,2023-11-16 21:07:46,6115.09,6551.11,40.74275382865903,-74.00747358798981,40.75354681867074,-73.97896572947502,member
968D3DCF426D457D,2023-11-22 18:09:59,2023-11-22 18:20:40,7149.05,7288.04,40.7746671,-73.98470567,40.78057799010334,-73.98562431335449,casual
CB784E12CAA489D0,2023-11-02 12:33:30,2023-11-02 12:37:11,6659.01,6551.11,40.757370472,-73.972389817,40.75354681867074,-73.97896572947502,member
93D4E5E43D0726CF,2023-11-16 17:41:54,2023-11-16 18:15:04,6115.09,6551.11,40.74275382865903,-74.00747358798981,40.75354681867074,-73.97896572947502,member
7097853C45335E35,2023-11-02 17:07:02,2023-11-02 17:13:52,6659.01,6551.11,40.75714758,-73.97207836,40.75354681867074,-73.97896572947502,member
C06FB00AD623441D,2023-11-13 20:26:22,2023-11-13 20:34:37,6331.01,5914.08,40.748769879,-73.9917835,40.735238,-74.000271,member
8AEBEDB3606E9361,2023-11-27 18:09:40,2023-11-27 18:15:10,6331.01,6551.11,40.748548746,-73.992156029,40.75354681867074,-73.97896572947502,member
542CF89A96DC3B30,2023-11-21 10:46:04,2023-11-21 10:57:52,6331.01,6551.11,40.749156,-73.9916,40.75354681867074,-73.97896572947502,member
84496C0ECE3AAE29,2023-11-17 22:13:54,2023-11-17 22:17:13,4939.07,4856.05,40.71311795,-73.96597528333334,40.70108,-73.9179,casual
098F5164560F98BC,2023-11-25 16:14:45,2023-11-25 16:36:39,6860.12,5190.07,40.764412045,-73.96245563,40.71269042,-73.98776323,member
E0EF23E83B872AF6,2023-11-01 19:16:34,2023-11-01 19:29:32,6115.09,5114.08,40.742781162,-74.007252693,40.709957,-74.016538,member
1FD240B377578099,2023-11-03 08:24:05,2023-11-03 08:27:16,6345.08,6551.11,40.748190761,-73.974316478,40.75354681867074,-73.97896572947502,member
23A222900DFF74DE,2023-11-07 17:08:30,2023-11-07 17:10:28,3943.03,4016.03,40.67113,-73.94222,40.67308,-73.94191,member
2036B6CC67B549F1,2023-11-26 16:07:40,2023-11-26 16:16:12,6331.01,5914.08,40.749156,-73.9916,40.735238,-74.000271,member
DDD44F76AC66A75A,2023-11-24 19:04:44,2023-11-24 19:12:46,3263.01,3166.03,40.64958,-73.96316,40.645074,-73.979681,member
5E8E7CDBB3FEA4A8,2023-11-05 15:39:56,2023-11-05 15:47:27,6345.08,6551.11,40.74803319428767,-73.973827958107,40.75354681867074,-73.97896572947502,member
A6D2198E874A9BF1,2023-11-01 15:18:28,2023-11-01 15:52:51,7149.05,7288.04,40.7746671,-73.98470567,40.78057799010334,-73.98562431335449,member
093BB406C534DC8A,2023-11-02 14:29:35,2023-11-02 14:52:30,6345.08,6518.08,40.748085499,-73.97441864,40.75375,-73.88423,member
7D1623261F530147,2023-11-05 16:58:21,2023-11-05 17:18:34,7149.05,6551.11,40.7746671,-73.98470567,40.75354681867074,-73.97896572947502,member
D906B9FDC0A23CEF,2023-11-23 10:33:48,2023-11-23 10:35:12,3943.03,4016.03,40.67113,-73.94222,40.67308,-73.94191,member
351BF2A05B5BE7AF,2023-11-26 07:50:47,2023-11-26 07:54:07,6345.08,6551.11,40.748146296,-73.974123597,40.75354681867074,-73.97896572947502,member
A4DC82A68F8DAB47,2023-11-25 21:22:46,2023-11-25 21:27:38,6345.08,6551.11,40.748013377,-73.974191785,40.75354681867074,-73.97896572947502,member
279D0E8553890993,2023-11-27 19:53:41,2023-11-27 20:02:44,4010.13,4437.09,40.67487061,-73.971233964,40.68737247650719,-73.98176059126854,member
78EBCE4B9C52EA09,2023-11-20 22:57:28,2023-11-20 23:11:42,7149.05,7386.10,40.774649501,-73.984624028,40.7862586,-73.94552579,member
4DED6F5E9FEBB2E3,2023-11-19 07:40:20,2023-11-19 07:43:48,6345.08,6551.11,40.748115182,-73.974082112,40.75354681867074,-73.97896572947502,member
A4533166706DF344,2023-11-11 10:52:16,2023-11-11 11:02:46,6659.01,6551.11,40.75714758,-73.97207836,40.75354681867074,-73.97896572947502,member
79143DC60EA0BA6F,2023-11-12 07:37:32,2023-11-12 07:40:34,6345.08,6551.11,40.748124003,-73.974172831,40.75354681867074,-73.97896572947502,member
B441879782DF359F,2023-11-07 06:13:33,2023-11-07 06:29:29,6331.01,5532.01,40.749156,-73.9916,40.72362738,-73.99949601,member
4F68896C07F711FE,2023-11-15 18:52:35,2023-11-15 19:00:00,6331.01,6551.11,40.749156,-73.9916,40.75354681867074,-73.97896572947502,member
C0136C815602EBE1,2023-11-23 23:07:33,2023-11-23 23:44:41,6331.01,7716.19,40.749156,-73.9916,40.806414,-73.936085,member
8355EEDF883CCB86,2023-11-15 12:16:04,2023-11-15 12:35:40,6331.01,7288.04,40.749156,-73.9916,40.78057799010334,-73.98562431335449,member
FAFF3445C3E5A2C4,2023-11-28 17:37:51,2023-11-28 17:46:27,6331.01,6551.11,40.748198986,-73.992389321,40.75354681867074,-73.97896572947502,member
54A8FEFED32B4873,2023-11-08 16:50:50,2023-11-08 16:58:14,6331.01,5914.08,40.749156,-73.9916,40.735238,-74.000271,member
9737C861C406403C,2023-11-05 17:17:42,2023-11-05 17:40:22,7149.05,5114.08,40.774585724,-73.984720469,40.709957,-74.016538,member
E4FFA6BBAC709242,2023-11-05 10:40:00,2023-11-05 10:50:32,5190.09,5114.08,40.711427808,-73.986746669,40.709957,-74.016538,member
82FE05984EF249D3,2023-11-02 17:21:11,2023-11-02 17:26:12,6331.01,6551.11,40.749206424,-73.991912603,40.75354681867074,-73.97896572947502,member
F5C91C9B85184324,2023-11-30 18:30:03,2023-11-30 18:35:21,6331.01,6551.11,40.748928785,-73.991962314,40.75354681867074,-73.97896572947502,member
31017B0D08CA8362,2023-11-01 18:21:42,2023-11-01 18:26:52,6331.01,6551.11,40.748632193,-73.991988897,40.75354681867074,-73.97896572947502,member
263BD6BE3FDC46B9,2023-11-15 17:16:30,2023-11-15 17:21:54,6331.01,6551.11,40.749270558,-73.991523147,40.75354681867074,-73.97896572947502,member
52CE57AF6B38A323,2023-11-27 21:03:57,2023-11-27 21:09:28,6654.05,6518.08,40.757522821,-73.901583672,40.75375,-73.88423,member
5ABAC76DFA1BC182,2023-11-03 22:47:45,2023-11-03 23:04:29,7149.05,7688.12,40.7746671,-73.98470567,40.805159,-73.954692,member
62A5B21627C0A928,2023-11-05 15:09:29,2023-11-05 15:14:14,6520.06,6662.09,40.75437355,-73.919489264,40.75767234025041,-73.90769943594933,member
83E2F815EF3C3938,2023-11-08 22:49:28,2023-11-08 22:50:50,5190.09,5190.07,40.711471394469264,-73.98672603070736,40.71269042,-73.98776323,member
DBD8B36FD488A704,2023-11-08 22:56:39,2023-11-08 22:57:39,5190.09,5190.07,40.711471394469264,-73.98672603070736,40.71269042,-73.98776323,member
8E0C32C671CF3E08,2023-11-08 22:53:21,2023-11-08 22:54:30,5190.09,5190.07,40.711471394469264,-73.98672603070736,40.71269042,-73.98776323,member
FFF6A063ACBDFBC3,2023-11-08 22:46:00,2023-11-08 22:47:17,5190.09,5190.07,40.711471394469264,-73.98672603070736,40.71269042,-73.98776323,member
37D7DB3821373C9A,2023-11-08 17:43:57,2023-11-08 17:51:40,6331.01,5914.08,40.749156,-73.9916,40.735238,-74.000271,member
8B154D69E68A386F,2023-11-27 08:13:38,2023-11-27 08:17:58,6345.08,6551.11,40.74803319428767,-73.973827958107,40.75354681867074,-73.97896572947502,member
F42A2783A4A5A45A,2023-11-09 17:49:01,2023-11-09 17:57:24,6331.01,5914.08,40.749156,-73.9916,40.735238,-74.000271,member
6CE7AD1DC7E5699E,2023-11-07 16:39:14,2023-11-07 16:44:32,6654.05,6662.09,40.757525,-73.901614,40.75767234025041,-73.90769943594933,member
EC840D494E86D20A,2023-11-28 08:08:31,2023-11-28 08:12:53,6345.08,6551.11,40.74803319428767,-73.973827958107,40.75354681867074,-73.97896572947502,member
D7F7F9E17C728C29,2023-11-30 09:04:13,2023-11-30 09:09:35,6345.08,6551.11,40.74803319428767,-73.973827958107,40.75354681867074,-73.97896572947502,member
0FAC5A206CA008F1,2023-11-10 21:14:31,2023-11-10 21:25:53,6331.01,5914.08,40.749156,-73.9916,40.735238,-74.000271,member
8DA4534BAAEB58E5,2023-11-03 00:07:22,2023-11-03 00:36:33,6331.01,5190.07,40.748554826,-73.992109418,40.71269042,-73.98776323,member
9E6117612F028FF9,2023-11-10 12:40:22,2023-11-10 12:43:13,6659.01,6551.11,40.757743835,-73.972504735,40.75354681867074,-73.97896572947502,member
126FA7C9C3E533B7,2023-11-03 12:42:55,2023-11-03 12:47:58,6659.01,6551.11,40.756983042,-73.97360909,40.75354681867074,-73.97896572947502,member
00211E07B26A660D,2023-11-16 17:49:18,2023-11-16 18:20:54,5198.04,6551.11,40.71076228,-73.99400398,40.75354681867074,-73.97896572947502,member
FA214D4CB112FA2D,2023-11-23 10:40:53,2023-11-23 10:49:35,4010.13,4437.09,40.674975753,-73.971186161,40.68737247650719,-73.98176059126854,member
B3187DFBFE8A7A9D,2023-11-11 14:08:05,2023-11-11 14:40:07,6115.09,5114.08,40.74275382865903,-74.00747358798981,40.709957,-74.016538,member
8FDB8F38438C47D2,2023-11-17 14:32:57,2023-11-17 14:51:13,5190.09,5114.08,40.711471394469264,-73.98672603070736,40.709957,-74.016538,member
91B3AAAC1CF2E2AD,2023-11-09 11:21:27,2023-11-09 11:27:22,3263.01,3166.03,40.649558544,-73.963170171,40.645074,-73.979681,member
606C7E1AB8BB869B,2023-11-22 11:36:26,2023-11-22 11:40:32,7149.05,7288.04,40.774659276,-73.984652638,40.78057799010334,-73.98562431335449,member
D267593FFDED05DA,2023-11-22 13:43:22,2023-11-22 13:51:52,7149.05,6551.11,40.774360061,-73.984478593,40.75354681867074,-73.97896572947502,member
48747C6ABA510BD0,2023-11-19 22:27:43,2023-11-19 22:30:21,4596.05,4437.09,40.69221589,-73.9842844,40.68737247650719,-73.98176059126854,member
4C3E7338DD033F2A,2023-11-29 18:53:15,2023-11-29 19:20:54,6659.01,5406.04,40.757347584,-73.972203732,40.71926081,-73.98178024,member
3A5132A6E12E2F3F,2023-11-26 11:34:19,2023-11-26 12:03:34,5190.09,5114.08,40.711471394469264,-73.98672603070736,40.709957,-74.016538,member
96FC005EC184950B,2023-11-04 14:07:50,2023-11-04 15:19:47,4010.13,7288.04,40.674842238,-73.97126317,40.78057799010334,-73.98562431335449,member
D3150E77A58F69D6,2023-11-24 10:47:26,2023-11-24 10:54:39,4151.01,4437.09,40.678644657,-73.996018291,40.68737247650719,-73.98176059126854,member
64C97AA6057312E1,2023-11-19 10:23:37,2023-11-19 10:28:00,7149.05,7288.04,40.7746671,-73.98470567,40.78057799010334,-73.98562431335449,member
344F3CE50AA7EA20,2023-11-22 20:10:03,2023-11-22 20:21:51,6860.12,6551.11,40.76480186,-73.962183952,40.75354681867074,-73.97896572947502,member
4F02798DFAE76190,2023-11-14 09:06:20,2023-11-14 09:13:33,6331.01,6551.11,40.749156,-73.9916,40.75354681867074,-73.97896572947502,member
5934B93DC36CE473,2023-11-14 10:45:43,2023-11-14 10:59:44,7149.05,7688.12,40.774505258,-73.984416723,40.805159,-73.954692,member
7414481EB9D4D101,2023-11-01 09:07:21,2023-11-01 09:15:43,6331.01,6551.11,40.749156,-73.9916,40.75354681867074,-73.97896572947502,member
372F480AAF4ABA0D,2023-11-12 12:07:26,2023-11-12 12:11:52,3263.01,3256.04,40.64958,-73.96316,40.64796,-73.9556,member
D10B5CF2B3E2C57A,2023-11-25 09:00:53,2023-11-25 09:21:26,8646.02,8175.06,40.86814,-73.88145,40.837576,-73.910489,member
56923F7BCAD6164D,2023-11-15 18:33:16,2023-11-15 19:18:10,4765.07,4994.10,40.69812,-73.90271,40.70413,-73.90737,member
08F2E20A1706C2B8,2023-11-20 22:06:26,2023-11-20 22:37:08,4596.05,4856.05,40.692251921,-73.984073758,40.70108,-73.9179,member
E3BB195473626440,2023-11-05 14:21:16,2023-11-05 14:37:32,5190.09,5190.07,40.711471394469264,-73.98672603070736,40.71269042,-73.98776323,member
F43A81E58B8CE07A,2023-11-07 14:27:13,2023-11-07 14:47:24,5190.09,5190.07,40.711471394469264,-73.98672603070736,40.71269042,-73.98776323,member
360543FA8142A310,2023-11-11 22:09:33,2023-11-11 22:22:07,5190.09,5190.07,40.711471394469264,-73.98672603070736,40.71269042,-73.98776323,member
82D880A278E59B2B,2023-11-02 11:59:03,2023-11-02 12:07:31,6345.08,6551.11,40.74803319428767,-73.973827958107,40.75354681867074,-73.97896572947502,member
417934F30AEA743C,2023-11-13 08:55:00,2023-11-13 08:56:06,5190.09,5190.07,40.711471394469264,-73.98672603070736,40.71269042,-73.98776323,member
112AEF2DB852554D,2023-11-05 15:28:57,2023-11-05 15:35:34,3943.03,4016.03,40.671140671,-73.942326784,40.67308,-73.94191,member
ED010824940E69A6,2023-11-30 17:33:07,2023-11-30 17:48:53,8092.06,7688.12,40.832058787,-73.919841051,40.805159,-73.954692,member
D3F3916B93AA16FC,2023-11-20 18:41:14,2023-11-20 19:02:30,7149.05,7658.13,40.774484038,-73.984680533,40.8038654,-73.9559308,member
52457C7263613EF9,2023-11-12 20:36:35,2023-11-12 20:41:32,3263.01,3166.03,40.649783492,-73.963224292,40.645074,-73.979681,member
9B31B421B1BD7962,2023-11-12 14:41:19,2023-11-12 14:46:56,8092.06,8141.05,40.83196,-73.91956,40.835122799036405,-73.91196817159653,member
62C7EFF85C7B83F9,2023-11-29 18:11:50,2023-11-29 18:38:17,6331.01,5470.02,40.749156,-73.9916,40.71996118117138,-74.00844320654869,member
17B63B120B337B23,2023-11-04 16:20:54,2023-11-04 16:33:40,7149.05,7658.13,40.774548173,-73.984782815,40.8038654,-73.9559308,member
31808AAD91009800,2023-11-20 12:44:42,2023-11-20 12:51:04,4765.07,4904.03,40.69812,-73.90271,40.70204,-73.89288,member
2F87A2058C8706B5,2023-11-26 12:33:50,2023-11-26 13:07:26,6345.08,7658.13,40.748199105,-73.974038482,40.8038654,-73.9559308,member
7A909DBCC5D81A86,2023-11-01 16:06:57,2023-11-01 16:10:19,4596.05,4437.09,40.69221589,-73.9842844,40.68737247650719,-73.98176059126854,member
24E73143DA81676F,2023-11-17 14:27:26,2023-11-17 14:30:07,4596.05,4437.09,40.69221589,-73.9842844,40.68737247650719,-73.98176059126854,member
F5F45F6F9F50BB0F,2023-11-25 18:00:13,2023-11-25 18:11:38,6331.01,6551.11,40.749156,-73.9916,40.75354681867074,-73.97896572947502,casual
AC8A2B8311E17D85,2023-11-06 10:35:01,2023-11-06 11:08:18,6331.01,6551.11,40.749156,-73.9916,40.75354681867074,-73.97896572947502,casual
A0E73BBD9A9D0590,2023-11-20 04:38:07,2023-11-20 04:43:08,6331.01,6551.11,40.74870491,-73.991588831,40.75354681867074,-73.97896572947502,casual
33C739B7CAD80303,2023-11-14 09:19:03,2023-11-14 09:22:10,5190.09,5190.07,40.711471394469264,-73.98672603070736,40.71269042,-73.98776323,member
520BC06D1546FD6F,2023-11-19 10:07:47,2023-11-19 10:17:31,4010.13,4437.09,40.67497766,-73.971182108,40.68737247650719,-73.98176059126854,member
07A1AF842108C9C9,2023-11-26 13:32:43,2023-11-26 13:35:45,4765.07,4735.03,40.69812,-73.90271,40.69811,-73.90904,member
49A0DCCDEF2C626D,2023-11-26 14:07:15,2023-11-26 14:10:11,4765.07,4735.03,40.69812,-73.90271,40.69811,-73.90904,member
33C1724B471DDFC2,2023-11-26 14:37:10,2023-11-26 14:40:33,4765.07,4735.03,40.69812,-73.90271,40.69811,-73.90904,member
914ACEBF99DF23DB,2023-11-29 17:08:32,2023-11-29 17:16:13,6331.01,6551.11,40.749034286,-73.992117524,40.75354681867074,-73.97896572947502,member
